{"LTC_USDT": [-79.050859], "2Z_USDT": [-3.313717], "FARTCOIN_USDT": [-44.277521], "POL_USDT": [0.624923], "LINK_USDT": [0.045405]}